county,fips,enroll,ma,om,dual,a75,a85,ffs_benes,nh_fac,nh_bed,nh_res,sl_bed,mc_bed,alf_bed,alf_fac,mc_fac,sl_fac,pch_bed,pch_fac,ma_pct,dual_pct,enroll_p,a75_p,g5_enroll,g5_a75,avg_age,feml_pct,wht_pct,blk_pct,hsp_pct,pc,pc_std,tot_amt,ip_pct,ip_stays,ip_days,ip_per_user,readmit,er,er_pct,op_pct,op_visits,snf_pct,snf_stays,snf_days,snf_per_user,irf_pct,irf_stays,ltch_pct,ltch_stays,hh_pct,hh_eps,hh_visits,hh_per_user,hospc_pct,hospc_stays,hospc_days,em_pct,em_events,dme_pct,dme_events,tests_pct,imgng_pct,fqhc_pct,fqhc_visits,amblnc_pct,amblnc_events,pc_ip,pc_op,pc_asc,pc_snf,pc_irf,pc_ltch,pc_hh,pc_hospc,pc_em,pc_prcdrs,pc_tests,pc_imgng,pc_dme,pc_op_dlys,pc_fqhc_rhc,pc_amblnc,pc_trtmnts,home_pc,acute_pc,inst_pc,eol_pc,sl_per1k,nh_per1k,per_bed,mc_share,nh_occ,bed_gap
Wake,37183,186672,96941,89731,18790,76949,18661,71511,21,2174,1817.2,3634,1129,2505,122,29,122,0,0,0.5193,0.1007,150093,54282,0.2437,0.4176,73.0,0.5591,0.788,0.1123,0.0258,11531.89,11309.47,824656735.0,0.1307,202.5563,1148.5086,22523.23,0.1739,539.9309,0.2695,0.5153,2714.0859,0.0332,43.8394,1123.3517,17366.93,0.0053,5.8313,0.0007,0.7551,0.0752,190.2505,1311.8681,4760.1,0.0306,32.1909,2460.1949,0.932,15640.5728,0.2541,1436.4364,0.8396,0.7904,0.0169,74.8137,0.1334,301.1005,2944.58,2315.94,198.82,576.54,154.63,43.04,357.92,460.76,1141.13,559.93,328.07,285.02,509.07,173.85,9.98,123.17,1117.12,3748.31,6316.29,774.21,460.76,47.23,23.62,21.2,0.3107,0.8359,-308
Mecklenburg,37119,164729,89928,74801,26086,67078,16369,60206,29,2983,2399.8,3199,975,2224,70,26,70,0,0,0.5459,0.1584,142255,50681,0.158,0.3235,73.0,0.5627,0.7262,0.1757,0.0314,11985.76,11515.23,721614765.0,0.1331,206.8066,1218.9317,23936.84,0.1687,556.1738,0.28,0.5646,3195.1799,0.0319,42.2383,1069.2456,17698.23,0.0094,10.6136,0.0006,0.6478,0.076,203.983,1551.4567,5034.73,0.0308,31.6912,2360.4126,0.9224,15421.752,0.247,1423.197,0.8239,0.7715,0.0109,41.74,0.1179,248.9785,3186.62,2354.67,190.02,564.99,275.22,25.55,382.75,459.64,1177.15,485.08,346.22,229.68,491.02,239.85,5.62,96.65,1228.94,3861.38,6552.89,865.76,459.64,47.69,35.78,21.0,0.3048,0.8045,-300
Guilford,37081,110510,77125,33385,18280,45064,11445,25689,20,2284,1934.3,1709,492,1217,32,11,32,0,0,0.6979,0.1654,97463,35852,0.1339,0.2569,73.0,0.5492,0.7272,0.1913,0.0221,11354.08,11078.16,291675052.0,0.1313,200.4749,1041.146,23384.57,0.177,550.6248,0.2775,0.5789,3718.9459,0.0349,45.3501,1209.8953,17401.68,0.0069,7.3183,0.0012,1.4014,0.0727,211.5692,1487.2124,5107.63,0.0332,34.2559,2799.4862,0.9103,14389.0381,0.2519,1546.0703,0.8306,0.7574,0.0169,74.9348,0.1413,336.9536,3069.51,2302.22,195.95,607.63,174.74,78.04,371.21,519.21,1065.04,433.99,309.82,210.93,461.78,245.3,10.54,129.85,938.05,3367.37,6376.82,860.41,519.21,37.92,42.92,26.4,0.2879,0.8469,239
Forsyth,37067,84291,56710,27581,12900,33936,8598,22077,14,1477,1294.8,1989,483,1506,37,14,37,0,0,0.6728,0.153,73730,27112,0.1432,0.2517,72.0,0.5474,0.7819,0.1348,0.0264,12549.08,11793.38,277046139.0,0.1488,232.7762,1307.0616,25367.86,0.1784,570.9109,0.2795,0.7899,6791.3213,0.0309,40.4946,957.9653,16676.69,0.0149,16.986,0.0008,1.0418,0.0789,230.6473,1650.7225,5493.19,0.0324,33.6096,2118.7661,0.9192,15220.6822,0.261,1723.2414,0.7314,0.7776,0.0091,38.0486,0.1323,307.2881,3774.67,3062.47,176.4,515.17,400.61,59.16,433.19,439.42,1078.31,446.08,270.12,192.31,440.33,248.17,5.31,119.06,676.17,3095.74,7826.85,974.94,439.42,58.61,38.15,17.1,0.2428,0.8766,-522
Buncombe,37021,66866,32003,34864,8794,28682,6612,31068,19,1899,1533.4,1058,59,999,58,2,58,0,0,0.4786,0.1315,61739,22282,0.083,0.2872,73.0,0.5545,0.9115,0.0264,0.0138,10520.83,10594.28,326861227.0,0.124,190.936,981.2991,21279.49,0.1704,411.5489,0.2222,0.6372,3600.2317,0.035,47.8949,1359.6949,19070.68,0.0088,9.6241,0.0015,1.5128,0.0752,191.0648,1487.1572,4323.91,0.0265,27.2628,1728.7563,0.9122,14338.4511,0.2521,1712.051,0.8163,0.7666,0.1632,700.5601,0.1124,230.1403,2639.05,1544.49,245.05,666.63,215.71,68.76,324.98,316.63,1074.09,441.2,340.14,201.96,458.12,106.02,102.51,97.06,1475.65,3977.45,5072.87,951.1,316.63,36.89,53.46,27.1,0.0558,0.8075,182
Brunswick,37019,65955,28638,37317,3966,26395,4598,34076,5,564,474.3,410,198,212,6,5,6,0,0,0.4342,0.0601,50868,16717,0.2966,0.5789,73.0,0.5328,0.914,0.0347,0.0119,10658.1,10503.87,363185272.0,0.111,161.8441,822.6905,23167.19,0.1526,500.0587,0.258,0.7161,3943.8021,0.02,25.5312,602.1247,16411.55,0.0098,11.3276,0.0004,0.3815,0.06,167.4786,1205.1004,4793.16,0.0237,24.2986,1632.8501,0.9538,14592.5285,0.2543,1524.2693,0.8911,0.8558,0.1081,340.2688,0.1084,246.0676,2572.62,2486.65,264.98,327.5,259.26,14.82,287.51,314.73,1053.19,603.63,418.04,223.19,429.13,77.52,61.94,120.19,1058.49,3531.49,6125.59,601.58,314.73,15.53,17.97,64.4,0.4829,0.841,731
Cumberland,37051,60674,33679,26995,13708,20465,4949,23949,10,1029,918.2,814,169,645,17,4,17,0,0,0.5551,0.2259,54436,16961,0.1146,0.2066,72.0,0.5377,0.5553,0.3379,0.0489,11057.41,10790.0,264813835.0,0.1329,212.7437,1250.6994,25997.59,0.2038,584.7426,0.2764,0.5267,2936.6571,0.0313,42.5905,1229.8217,19450.32,0.0136,15.1155,0.0022,2.3383,0.0669,209.9879,1400.9353,5217.58,0.0297,31.9011,2531.7967,0.8654,15161.5516,0.2372,1508.5807,0.7735,0.7189,0.04,152.3237,0.1496,357.3427,3454.19,1752.17,125.65,609.12,300.53,73.39,348.8,431.49,1074.15,420.69,371.91,250.26,635.12,279.26,19.82,149.7,648.74,3348.8,6181.66,983.04,431.49,39.78,44.87,25.1,0.2076,0.8923,71
Durham,37063,55305,28321,26983,7196,22686,5246,21299,13,1412,1151.8,1163,351,812,44,7,44,0,0,0.5121,0.1301,48561,16804,0.1389,0.35,74.0,0.5814,0.6737,0.2304,0.0225,12269.06,11167.68,261318739.0,0.1275,202.7325,1296.6336,30765.26,0.1825,513.1227,0.249,0.6787,4284.0509,0.0374,49.2511,1511.7611,19807.8,0.004,4.4134,0.0008,0.939,0.0727,212.0287,1372.1301,5439.17,0.0286,30.0953,2276.1632,0.9246,16506.6435,0.2471,1354.6645,0.8114,0.7792,0.0255,81.647,0.1308,335.9313,3921.67,2613.22,121.95,741.2,113.86,54.5,395.57,440.58,1141.62,436.96,251.36,200.55,333.66,277.55,11.5,123.5,801.28,3135.54,7494.85,909.56,440.58,51.27,50.77,19.5,0.3018,0.8157,-182
New Hanover,37129,54162,23951,30211,5954,23260,5543,27629,11,977,896.6,763,201,562,8,7,8,0,0,0.4422,0.1099,47595,17643,0.138,0.3184,74.0,0.5529,0.8757,0.0706,0.0143,11747.3,11355.95,324566171.0,0.133,196.2069,1188.389,23070.57,0.151,547.9026,0.2695,0.5393,2874.7331,0.0368,48.2464,1180.1368,15890.62,0.0075,8.4332,,,0.0721,186.3983,1357.0524,4562.65,0.0316,32.7554,2039.5961,0.9508,16563.5383,0.2535,1509.718,0.9083,0.8373,0.0177,62.362,0.1498,373.0862,3067.84,2412.66,228.5,584.35,188.43,,328.79,408.7,1213.08,574.24,438.42,249.51,521.78,93.98,8.31,144.33,1140.38,3900.27,6521.55,772.78,408.7,32.8,38.55,30.5,0.2634,0.9177,242
Gaston,37071,49041,30661,18380,8554,18721,4321,15587,10,934,799.1,866,150,716,13,5,13,0,0,0.6252,0.1744,45279,15440,0.0831,0.2125,73.0,0.5566,0.8603,0.0859,0.0207,12630.8,12422.12,196876237.0,0.1677,273.3047,1493.2957,22030.81,0.1746,652.9159,0.3169,0.6338,3389.2346,0.0426,58.382,1585.6804,20459.43,0.0081,9.046,,,0.1011,362.1608,2717.3285,6477.33,0.034,34.3235,2377.7507,0.9117,15636.4278,0.2994,1988.0028,0.8464,0.7561,0.0547,244.8194,0.1583,349.8428,3694.65,2242.66,133.36,871.56,249.02,,654.92,462.17,1166.37,514.32,349.99,200.34,499.89,253.96,31.42,139.83,903.15,3806.08,6978.78,1120.58,462.17,46.26,42.68,21.6,0.1732,0.8556,-57
Union,37179,41777,21940,19837,4391,17247,3829,16733,7,697,583.0,487,137,350,13,3,13,0,0,0.5252,0.1051,34671,12784,0.205,0.3491,73.0,0.5488,0.8437,0.0779,0.0298,11445.43,11290.15,191516339.0,0.1366,203.012,1119.106,21695.87,0.163,586.3862,0.3016,0.6177,3541.445,0.0295,36.0366,864.1606,15811.19,0.0093,10.1596,0.001,1.016,0.0825,238.3912,1781.6889,5251.31,0.0286,29.403,2130.6401,0.9328,15513.6557,0.2744,1721.6877,0.8322,0.7886,0.0082,32.0325,0.1146,222.7933,2962.71,2433.45,186.38,466.79,246.34,43.26,433.08,411.92,1175.33,507.25,338.11,213.02,478.78,175.15,4.26,90.64,1075.78,3718.36,6355.58,756.39,411.92,28.24,33.8,35.4,0.2813,0.8364,259
Iredell,37097,40996,24031,16964,5052,16213,3792,14590,5,506,389.0,844,220,624,15,8,15,0,0,0.5862,0.1232,35378,12707,0.1588,0.2759,73.0,0.5389,0.8846,0.0549,0.0215,11983.56,11796.78,174840168.0,0.133,201.9191,1040.0274,21994.75,0.1663,507.2653,0.2643,0.5795,3072.721,0.0362,48.732,1387.8684,19613.81,0.0041,4.6607,,,0.0916,256.2029,1942.8376,5227.24,0.035,35.5723,2393.4202,0.9303,17099.7258,0.2728,1820.2193,0.8741,0.794,0.0236,83.6875,0.1226,280.1919,2924.59,2158.75,151.2,709.81,127.15,,478.66,502.91,1260.76,555.25,394.5,224.17,548.03,140.83,10.61,114.4,1464.87,4381.6,6045.02,836.96,502.91,52.06,23.99,19.2,0.2607,0.7688,-143
Johnston,37101,39852,22905,16947,5881,14976,3085,14607,5,615,552.9,755,220,535,40,6,40,0,0,0.5748,0.1476,35092,11299,0.1356,0.3254,72.0,0.5445,0.8304,0.1095,0.0327,12050.82,11909.55,176026301.0,0.1541,243.3765,1300.9516,22319.81,0.1878,643.9378,0.3077,0.5816,2882.4536,0.039,55.5213,1465.5987,18875.68,0.0047,4.9976,0.0008,0.7531,0.0876,214.2124,1642.7056,4759.76,0.0303,31.6971,2279.9343,0.9224,15654.4123,0.2797,1721.298,0.8375,0.7859,0.0661,329.1573,0.1672,476.0047,3439.58,2326.51,155.36,735.28,126.15,26.55,416.77,440.0,1135.59,516.98,350.83,282.87,461.9,215.38,37.46,194.98,1029.38,3714.8,6848.79,887.98,440.0,50.41,36.92,19.8,0.2914,0.899,-108
Cabarrus,37025,39580,24548,15032,5523,15745,3711,12580,7,675,607.2,702,152,550,20,5,20,0,0,0.6202,0.1395,34356,12170,0.1521,0.2938,73.0,0.5534,0.8149,0.1118,0.0297,12337.03,12092.67,155199824.0,0.1581,250.2385,1492.5278,22707.87,0.166,607.5517,0.3137,0.6565,4090.8585,0.0325,42.9253,1253.0207,19702.43,0.0086,9.539,0.0011,1.2719,0.0878,247.1383,1937.2019,5281.18,0.0366,37.5199,2956.4388,0.9148,15233.3068,0.265,1682.5914,0.755,0.757,0.0159,72.7345,0.1456,316.7727,3590.3,2512.61,235.16,640.56,268.79,59.19,463.89,560.25,1150.67,468.33,250.62,183.48,482.7,198.94,10.09,127.13,843.63,3385.08,7132.47,968.54,560.25,44.59,38.56,22.4,0.2165,0.8996,-21
Catawba,37035,39370,23730,15640,5775,15808,3597,13844,6,742,643.7,602,140,462,11,3,11,0,0,0.6027,0.1467,34673,12608,0.1355,0.2538,73.0,0.5413,0.8968,0.0379,0.0214,11657.73,11686.7,161389545.0,0.1368,194.8859,949.581,21388.98,0.1412,520.0809,0.2729,0.6458,3424.5883,0.036,45.1459,1166.2092,15644.23,0.0091,9.7515,,,0.0934,288.356,2204.2762,5273.32,0.0425,43.5568,3548.0352,0.9177,14663.8977,0.2837,2161.8029,0.8458,0.7621,0.1111,418.015,0.1429,290.7397,2926.23,2130.81,217.36,563.89,223.51,,492.52,641.6,1079.18,527.08,380.25,194.24,478.36,189.05,64.27,122.27,1194.52,3883.34,6112.8,787.4,641.6,38.08,40.72,26.3,0.2326,0.8675,81
Davidson,37057,38997,28135,10862,6283,15473,3719,9245,9,888,763.7,438,128,310,7,5,7,0,0,0.7215,0.1611,37657,13330,0.0356,0.1608,72.0,0.5277,0.8938,0.0499,0.0164,11804.78,11223.69,109135174.0,0.1465,222.1741,1106.7604,22858.13,0.1505,587.9935,0.2981,0.7033,5294.4294,0.0376,49.2158,1256.7875,17223.75,0.007,7.5717,,,0.0879,248.9995,1851.8118,5403.74,0.032,32.2336,2255.5976,0.9084,14084.9108,0.2645,1862.5203,0.7753,0.7455,0.017,61.5468,0.1339,320.9302,3347.75,2927.46,126.48,648.34,193.76,,475.2,447.1,1007.24,430.79,268.72,180.88,438.41,251.29,7.86,134.36,704.84,3083.15,7218.13,842.1,447.1,28.31,49.36,35.3,0.2922,0.86,231
Alamance,37001,38333,26836,11497,6588,15608,4009,9255,7,876,748.4,835,236,599,44,10,44,0,0,0.7001,0.1719,33922,12903,0.13,0.2096,72.0,0.5442,0.7877,0.1385,0.0345,11927.49,11378.98,110388953.0,0.1414,211.8855,1272.7175,25550.67,0.159,574.0681,0.2917,0.663,4197.1907,0.0397,53.5927,1385.4133,17266.31,0.0041,4.43,0.0012,1.1885,0.0932,286.3317,1966.2885,5217.42,0.0339,34.9001,2383.0362,0.9075,15559.0492,0.2774,1753.3225,0.8452,0.7549,0.04,137.1151,0.1462,345.3269,3613.81,2557.14,68.26,684.68,122.02,50.41,486.51,446.86,1105.53,438.56,326.13,181.33,438.89,258.94,17.78,133.22,805.12,3361.29,7069.93,857.11,446.86,53.5,47.95,18.7,0.2826,0.8543,-160
Henderson,37089,37227,17356,19870,3449,17477,4274,18191,9,912,716.6,694,189,505,28,6,28,0,0,0.4662,0.0926,33930,13992,0.0972,0.2491,75.0,0.5591,0.9321,0.0126,0.0196,11013.51,11178.59,200346706.0,0.1231,176.241,821.78,19464.57,0.1439,504.4253,0.2625,0.8115,7452.5315,0.0418,53.488,1355.8353,17039.96,0.0052,5.6072,0.0009,0.8796,0.0853,201.5832,1449.3431,4129.79,0.0291,29.8499,1756.0332,0.9167,12625.2542,0.2587,1677.4779,0.7367,0.7908,0.3902,1277.6648,0.128,264.8013,2395.75,2844.26,209.53,711.91,128.34,43.36,352.11,338.4,912.16,489.05,302.57,161.4,431.23,64.96,188.24,113.47,1119.26,3466.97,6117.02,883.61,338.4,39.71,41.0,25.2,0.2723,0.7857,61
Pitt,37147,34797,19402,15395,8014,12377,2752,13715,6,546,477.5,554,72,482,13,4,13,0,0,0.5576,0.2303,30826,9490,0.1288,0.3042,72.0,0.5415,0.719,0.2332,0.016,12789.95,11995.28,175414174.0,0.16,258.9865,1535.3992,26949.95,0.198,586.2195,0.2615,0.4575,2306.4528,0.0347,49.7995,1373.1681,18395.27,0.014,15.2388,0.0009,1.0937,0.0799,239.5917,1644.4039,5101.17,0.0341,35.3627,2482.6832,0.9223,15395.9169,0.2768,1699.8906,0.8486,0.7713,0.021,67.9548,0.1686,644.5498,4311.21,1831.75,174.15,638.44,397.86,52.09,407.65,448.16,1148.85,450.48,418.46,289.58,543.15,248.04,9.18,202.66,1088.0,3904.87,7218.29,1088.39,448.16,44.76,38.58,22.3,0.13,0.8745,-19
Rowan,37159,33254,21759,11495,5290,12893,3029,9663,9,844,687.1,618,60,558,14,2,14,0,0,0.6543,0.1591,31830,11045,0.0447,0.1673,73.0,0.5332,0.8566,0.0934,0.0182,12126.0,11981.01,117173565.0,0.1531,238.9527,1370.3819,20468.89,0.163,573.4244,0.2882,0.6492,3749.9741,0.0388,51.7438,1491.1518,19661.75,0.0107,11.6941,,,0.0916,272.7931,2176.4462,5690.4,0.0367,38.0834,2320.9148,0.9057,15892.6834,0.2659,1894.8567,0.8103,0.743,0.019,110.3177,0.1363,283.7628,3132.93,2575.08,125.62,763.03,279.99,,521.16,473.24,1171.92,462.48,324.08,180.45,688.45,190.89,14.82,120.24,846.96,3747.84,6607.24,1043.02,473.24,47.93,53.29,20.9,0.0971,0.8141,-61
Onslow,37133,32440,13949,18491,4963,10559,2397,17371,2,359,245.1,467,78,389,12,3,12,0,0,0.43,0.153,26291,8063,0.2339,0.3096,71.0,0.5244,0.7901,0.1319,0.0338,10300.0,10110.93,178921383.0,0.1189,178.9189,1155.2588,24279.54,0.1749,498.9926,0.2469,0.5159,2210.5233,0.0311,41.4484,1018.0185,14795.57,0.0046,5.0083,0.0007,0.8059,0.0788,245.812,1688.7341,4853.67,0.0303,31.3166,2302.4581,0.9046,14277.5315,0.2601,1621.2653,0.8309,0.7399,0.0219,58.7186,0.1272,324.5064,2887.66,1796.72,116.91,460.79,121.3,27.63,382.24,393.16,1021.44,467.88,412.74,213.36,541.4,127.83,7.5,160.4,1100.55,3679.23,5557.4,609.72,393.16,44.23,23.21,22.6,0.167,0.6827,-11
Randolph,37151,32008,23792,8216,5326,12672,2888,6897,6,720,558.1,579,108,471,8,4,8,0,0,0.7433,0.1664,31193,11121,0.0261,0.1395,72.0,0.5276,0.8937,0.0412,0.0306,11487.45,11164.06,79228973.0,0.1469,235.0297,1141.8008,23446.41,0.2003,618.6748,0.2977,0.6116,3584.022,0.0391,50.7467,1193.1274,15699.61,0.0062,6.3796,0.0019,1.8849,0.0831,228.7951,1765.6952,5036.87,0.0315,33.0579,1950.8482,0.912,14334.3483,0.2764,2017.6889,0.8172,0.7399,0.0262,85.8344,0.1515,403.6538,3443.7,2479.3,145.46,614.6,157.25,91.3,418.46,401.86,1050.32,399.15,327.45,195.84,436.01,211.72,11.04,170.47,773.04,3212.16,6849.8,863.15,401.86,45.69,44.04,21.9,0.1865,0.7751,-31
Moore,37125,29464,14823,14642,2730,13745,3549,13637,7,705,555.3,579,191,388,11,7,11,0,0,0.5031,0.0927,26518,11519,0.1111,0.1932,75.0,0.5457,0.8948,0.0516,0.012,10793.42,10893.03,147189871.0,0.1252,185.7447,906.1377,19713.79,0.1632,438.3662,0.2387,0.5428,3326.2448,0.0345,44.5113,1073.9166,15262.79,0.0045,4.9131,,,0.0634,167.5588,1134.7804,4407.71,0.0359,37.6182,2947.8624,0.9561,15817.1152,0.2467,1457.432,0.9021,0.8404,0.0204,68.8568,0.1419,259.5879,2467.66,2418.62,254.01,526.03,124.42,,279.58,510.95,1120.32,620.94,401.65,300.09,431.1,110.57,9.18,114.46,933.57,3475.49,5986.26,650.45,510.95,42.12,40.4,23.7,0.3299,0.7877,15
Orange,37135,28726,14397,14329,2391,12341,2907,11354,3,218,197.1,439,73,366,15,3,15,0,0,0.5012,0.0832,23669,8413,0.2137,0.4669,74.0,0.5531,0.8414,0.0641,0.0174,11857.68,10494.91,134632132.0,0.1157,172.6264,1050.2906,33367.32,0.1571,438.6119,0.2401,0.7182,4655.716,0.0283,34.8776,963.2729,17125.76,0.0059,6.2533,,,0.0661,180.6412,1240.4439,5081.41,0.0284,29.9454,2033.028,0.9384,15179.7604,0.2254,1253.3028,0.8108,0.7842,0.0196,75.48,0.1165,265.281,3861.6,3021.81,113.58,484.18,157.48,,336.11,395.17,1047.84,434.67,235.51,172.41,377.55,81.78,10.46,101.87,794.41,2974.29,7615.31,641.66,395.17,35.57,15.97,28.1,0.1663,0.9041,94
Craven,37049,28070,11068,17002,3558,11444,2732,16063,5,461,410.4,498,123,375,9,4,9,0,0,0.3943,0.1268,24206,8892,0.1596,0.287,74.0,0.5413,0.8297,0.1202,0.0159,11158.7,10842.48,179242269.0,0.1324,195.0445,1123.0779,23914.0,0.1566,523.7502,0.2716,0.5361,2870.1363,0.0267,34.1779,957.4799,15758.98,0.0092,9.525,0.0013,1.3074,0.0692,193.7372,1260.0386,4345.7,0.0291,30.5671,2406.7111,0.9485,16078.8769,0.2529,1558.7997,0.9014,0.8205,0.0113,40.2789,0.0931,277.0964,3166.6,2388.25,77.55,420.88,191.37,48.46,300.84,412.75,1092.85,535.9,415.09,288.87,518.49,132.05,5.82,102.12,953.19,3575.15,6402.47,660.71,412.75,43.52,35.86,23.0,0.247,0.8902,-3
Robeson,37155,27004,19416,7589,8857,8999,1890,6716,6,525,468.3,503,99,404,22,3,22,0,0,0.719,0.328,24794,7165,0.0891,0.256,71.0,0.5281,0.5621,0.1892,0.0186,13028.57,12173.88,87499901.0,0.1674,274.5682,1367.1828,26969.66,0.2079,770.6968,0.3401,0.6569,4038.8624,0.036,47.0518,1250.2978,16943.14,0.007,7.4449,0.0037,3.7225,0.0683,188.0584,1154.1096,4385.62,0.0478,51.6677,5556.2835,0.8797,15644.729,0.2579,1639.6665,0.7786,0.722,0.1758,708.6063,0.1788,775.9083,4513.68,2250.29,119.37,610.52,157.23,133.66,299.73,917.9,1143.71,414.71,332.02,193.8,413.71,353.16,85.33,310.66,525.6,2993.9,7961.87,901.41,917.9,55.9,52.04,17.9,0.1968,0.892,-114
Wayne,37191,25963,14666,11297,5357,9457,2270,10505,4,624,548.7,589,79,510,15,3,15,0,0,0.5649,0.2063,24429,8223,0.0628,0.1501,72.0,0.5326,0.7233,0.2187,0.0229,12766.95,12105.97,134116840.0,0.1578,248.0723,1523.465,24676.34,0.1861,584.1028,0.2889,0.5749,2927.0823,0.0378,52.2608,1434.7454,19414.96,0.0076,7.901,0.001,1.0471,0.0854,233.3175,1805.8068,5468.86,0.0386,40.1713,3150.9757,0.9105,14739.8382,0.2413,1484.2456,0.8256,0.7777,0.0782,238.7435,0.1599,508.0438,3894.66,2152.04,119.28,733.72,208.62,51.35,466.97,629.99,1051.94,478.06,353.05,253.92,520.9,268.91,32.07,188.8,1246.49,3925.34,7101.75,993.69,629.99,62.28,58.02,16.1,0.1341,0.8793,-180
Cleveland,37045,25134,15552,9582,4994,9557,2170,8793,4,534,430.8,476,100,376,18,3,18,0,0,0.6188,0.1987,23525,7999,0.0684,0.1948,72.0,0.5376,0.8648,0.0969,0.0092,12100.79,12041.05,106402260.0,0.1716,261.9129,1493.1195,20670.69,0.1623,681.3374,0.328,0.6429,3554.1908,0.0439,60.9576,1584.2147,18903.29,0.0072,7.7334,,,0.1127,432.6169,3366.9965,6136.32,0.0361,37.3024,2864.5513,0.9074,15322.8705,0.2824,1858.1826,0.8345,0.745,0.1186,505.5158,0.1402,312.4076,3547.37,2402.0,123.56,829.83,216.89,,691.58,538.76,1113.08,466.72,317.42,159.01,424.74,236.77,67.7,128.86,629.0,3402.53,6905.28,1046.72,538.76,49.81,45.08,20.1,0.2101,0.8067,-63
Rockingham,37157,25001,18943,6058,5041,9430,2302,5123,5,595,490.3,514,55,459,25,2,25,0,0,0.7577,0.2016,23755,8180,0.0525,0.1528,72.0,0.519,0.8146,0.1382,0.0142,12136.18,11957.06,62173634.0,0.145,226.4298,1172.5551,22805.75,0.1708,653.1329,0.3098,0.6545,4229.7482,0.0404,52.3131,1536.7948,19246.74,0.0074,8.0031,0.0021,2.3424,0.0869,272.3014,1910.4041,5577.02,0.0324,33.5741,3194.2221,0.8973,15547.9211,0.2659,1691.587,0.8267,0.7207,0.0275,119.4613,0.148,360.1405,3307.57,2515.72,107.67,777.68,223.09,120.93,484.44,558.45,1094.42,395.19,344.34,172.9,636.34,244.76,16.04,157.94,801.07,3549.55,6728.85,1121.7,558.45,54.51,51.99,18.3,0.107,0.824,-106
Nash,37127,24211,13913,10297,4850,9333,2065,9144,3,318,286.0,497,50,447,15,2,15,0,0,0.5747,0.2003,21837,7203,0.1087,0.2957,73.0,0.5502,0.7123,0.2465,0.0153,11882.84,11814.62,108656718.0,0.1636,256.2336,1402.5591,21805.64,0.1641,662.5109,0.3149,0.5944,3209.755,0.0366,50.853,1371.3911,20367.72,0.013,13.4514,0.0023,2.4059,0.0796,223.972,1458.7708,4826.42,0.0283,28.6527,2013.014,0.9182,15170.385,0.2503,1606.1899,0.8561,0.7662,0.0704,304.3526,0.1475,403.3246,3567.5,2311.42,79.25,746.19,295.27,81.78,384.26,357.96,1110.81,498.97,350.78,210.83,417.19,306.73,35.91,150.64,810.79,3320.57,6914.51,1123.24,357.96,53.25,30.64,18.8,0.1006,0.8994,-94
Harnett,37085,23472,13238,10234,4218,8472,1900,8955,5,470,420.6,524,86,438,11,2,11,0,0,0.564,0.1797,21213,6801,0.1065,0.2457,72.0,0.5404,0.7937,0.1409,0.0354,12583.16,12235.18,112682200.0,0.1464,235.8459,1288.4422,25487.55,0.1915,633.5008,0.2915,0.5494,2947.8504,0.0346,49.6929,1218.8721,17977.12,0.0046,4.8018,0.0013,1.34,0.0767,227.359,1459.4082,4865.79,0.0328,34.5059,2731.6583,0.897,15824.0089,0.2601,1702.5126,0.8208,0.7571,0.0801,316.3596,0.1502,362.1441,3731.34,2246.79,183.35,622.32,118.49,37.84,373.29,469.2,1125.63,553.57,402.13,286.95,886.0,242.25,33.31,175.0,964.1,4071.41,7132.3,778.65,469.2,61.85,49.65,16.2,0.1641,0.8949,-158
Lincoln,37109,22838,12888,9950,2726,9102,1912,8818,3,300,264.9,376,36,340,8,1,8,0,0,0.5643,0.1194,19032,6575,0.2,0.3843,73.0,0.537,0.9195,0.0299,0.018,12481.13,12049.31,110058580.0,0.1412,208.2105,1063.5065,23149.64,0.1634,539.5781,0.2845,0.6318,3611.7033,0.0333,43.4339,1156.4981,18775.58,0.0079,8.9589,,,0.0946,303.4702,2241.438,5853.97,0.0349,36.2894,3123.951,0.9351,14951.5763,0.2752,1794.738,0.8514,0.7733,0.0493,217.5096,0.1298,279.4284,3268.46,2687.22,167.66,625.99,253.58,,553.66,605.3,1142.33,550.77,368.86,204.91,414.94,137.14,28.01,122.91,1034.51,3747.22,6934.16,879.57,605.3,41.31,29.1,24.2,0.0957,0.883,17
Burke,37023,22308,14119,8189,3863,8961,2128,7536,5,531,433.7,335,24,311,17,1,17,0,0,0.6329,0.1732,21846,7728,0.0211,0.1595,72.0,0.5253,0.9108,0.0357,0.0139,11663.62,11592.18,87897053.0,0.1438,214.0393,1123.4076,22864.49,0.1642,547.638,0.282,0.6091,3414.8089,0.0422,56.396,1785.2972,21426.97,0.0049,5.0425,,,0.0967,291.534,2481.1571,5185.98,0.0395,40.3397,3742.9671,0.9015,14578.5563,0.2708,1967.224,0.8225,0.7288,0.0706,286.6242,0.1488,305.8652,3288.89,2233.87,133.53,904.16,116.19,,501.67,658.16,1053.46,444.29,357.29,182.2,417.08,229.29,45.73,135.25,760.38,3317.81,6465.12,1020.35,658.16,37.38,48.4,26.7,0.0716,0.8168,52
Carteret,37031,21577,8706,12870,2179,8704,1885,12108,4,302,236.5,246,45,201,3,2,3,0,0,0.4035,0.101,19442,6986,0.1098,0.2459,74.0,0.5344,0.9315,0.0285,0.009,10999.78,10558.83,133185302.0,0.1338,199.1245,1077.965,23217.74,0.1814,539.478,0.2815,0.6312,3542.0383,0.0359,47.0763,1116.2042,14245.97,0.0039,4.5425,,,0.0781,238.0244,1636.0258,4796.32,0.0276,29.402,2300.2973,0.9494,14330.6905,0.2386,1421.1265,0.8812,0.8126,0.0055,24.1163,0.1384,283.9445,3106.44,2398.18,112.79,511.81,95.9,,374.74,397.73,1047.38,561.91,385.7,232.37,446.22,64.93,3.26,134.42,1012.52,3502.19,6378.67,607.71,397.73,28.26,27.17,35.4,0.1829,0.7831,130
Chatham,37037,20934,11319,9615,1698,10375,2521,8468,3,306,274.5,414,113,301,7,4,7,0,0,0.5407,0.0811,20180,8532,0.0374,0.216,75.0,0.5492,0.8751,0.0491,0.0159,11103.04,10225.35,94020569.0,0.1107,163.0846,895.0165,29526.78,0.1555,420.8786,0.2417,0.7201,4345.5361,0.0293,37.6712,919.9339,16780.16,0.0057,6.6131,,,0.0684,190.2456,1406.4714,5292.11,0.0237,24.7992,1817.5484,0.9506,15412.1398,0.2411,1407.18,0.8388,0.8138,0.0386,124.5867,0.0625,113.368,3267.19,2606.49,143.11,491.44,159.24,,361.85,350.37,1060.92,526.28,248.44,202.02,380.0,102.85,15.58,45.31,879.78,3148.59,6691.23,650.68,350.37,39.9,26.46,25.1,0.2729,0.8971,34
Caldwell,37027,20840,13702,7138,4087,8097,1898,6560,4,400,356.2,349,102,247,5,3,5,0,0,0.6575,0.1961,20005,7101,0.0417,0.1403,73.0,0.5346,0.9338,0.0261,0.013,12287.98,12415.83,80609162.0,0.1524,230.4878,1232.1646,20997.07,0.1776,601.8293,0.2998,0.7486,5741.7683,0.0468,61.2805,1857.9268,19724.79,0.0063,7.0122,,,0.0994,292.9878,2251.0671,4953.95,0.0409,43.1402,3596.6463,0.9169,15180.0305,0.2909,2545.7317,0.779,0.7473,0.0604,226.5244,0.153,295.122,3200.77,2711.56,175.28,923.1,164.42,,492.37,657.71,1063.98,487.52,315.67,212.96,427.38,224.57,30.31,135.49,822.2,3364.87,6935.19,1087.52,657.71,43.1,43.99,23.2,0.2923,0.8905,1
Surry,37171,19498,13592,5906,3965,7631,1883,5340,5,472,410.8,432,73,359,7,2,7,0,0,0.6971,0.2034,18392,6579,0.0601,0.1599,72.0,0.529,0.9279,0.0245,0.0228,12894.61,12591.58,68857236.0,0.1524,227.1536,1258.427,24426.47,0.159,634.0824,0.3114,0.8279,8626.5918,0.0403,52.6217,1474.3446,17622.46,0.0107,12.3596,,,0.0966,273.4082,2140.0749,4795.67,0.0384,39.7004,2736.5169,0.9255,15942.8839,0.3058,2352.809,0.7451,0.7642,0.0169,42.5094,0.1449,332.0225,3723.44,3041.77,127.45,709.52,317.06,,463.4,527.22,1101.98,466.55,298.47,172.58,904.88,168.37,5.8,166.53,476.94,3424.05,7694.11,1026.58,527.22,56.61,53.83,17.7,0.169,0.8703,-102
Haywood,37087,19430,10287,9143,2662,8136,1961,8498,5,475,429.0,240,77,163,8,2,8,0,0,0.5294,0.137,18402,6978,0.0559,0.166,73.0,0.5468,0.9508,0.0071,0.0092,10907.95,11099.35,92695759.0,0.1256,183.5726,862.7912,20017.79,0.1581,490.1153,0.2634,0.8034,6811.8381,0.0392,51.8946,1519.7694,17536.11,0.0034,3.5302,,,0.0719,184.161,1369.9694,4389.81,0.0258,26.1238,1563.7797,0.9143,13220.5225,0.3398,2113.3208,0.7494,0.7463,0.1605,536.0085,0.1312,293.3631,2513.41,2523.1,116.71,687.16,75.96,,315.62,282.8,935.49,476.76,296.45,163.65,1019.45,85.73,88.08,122.16,996.6,3815.34,5837.87,763.12,282.8,29.5,52.73,33.9,0.3208,0.9032,112
Wilson,37195,19132,10943,8189,4266,7285,1690,7490,5,637,426.3,444,128,316,9,4,9,0,0,0.572,0.223,18032,6116,0.061,0.1911,73.0,0.5413,0.7417,0.2191,0.0144,12135.74,11963.95,90896719.0,0.1429,229.773,1380.2403,24472.04,0.1851,585.3138,0.2801,0.6025,2751.8024,0.0332,43.5247,1288.3845,17823.69,0.0072,7.7437,0.0019,1.8692,0.0794,217.6235,1568.3578,4533.79,0.0415,44.4593,4343.3912,0.9096,14752.3364,0.2666,1752.47,0.8533,0.7579,0.1187,437.5167,0.1482,541.1215,3496.01,1842.27,123.32,592.54,198.55,110.26,360.16,716.78,1088.56,490.28,474.62,212.3,544.95,265.9,46.38,182.68,1219.49,3946.46,6400.46,901.35,716.78,60.95,58.52,16.4,0.2883,0.6692,-129
Wilkes,37193,18356,12701,5654,3571,7268,1781,5246,4,417,309.5,162,40,122,2,2,2,0,0,0.6919,0.1945,17605,6264,0.0427,0.1603,73.0,0.5404,0.943,0.0234,0.0133,13383.8,12874.27,70211390.0,0.1531,241.5173,1255.814,27273.22,0.1874,689.2871,0.3328,0.7453,5647.541,0.0427,62.5238,1667.3656,19530.04,0.0065,6.6717,,,0.0879,231.9863,1930.2326,4451.01,0.0324,33.9306,1982.2722,0.927,14877.2398,0.3059,2461.3039,0.7901,0.7295,0.0208,73.5799,0.1372,337.5905,4174.68,2894.61,76.31,833.92,154.79,,391.14,371.58,1093.36,426.67,338.35,158.02,1042.61,163.72,9.65,183.48,775.0,3808.13,7919.47,988.71,371.58,22.29,42.58,44.9,0.2469,0.7422,152
Rutherford,37161,17549,9998,7552,3155,6743,1450,6907,5,420,358.6,477,62,415,14,2,14,0,0,0.5697,0.1798,16715,5681,0.0499,0.1869,73.0,0.5412,0.9224,0.0418,0.0107,11129.39,10999.45,76870703.0,0.1498,219.1979,1045.6059,21276.67,0.1571,667.294,0.322,0.6816,3810.1926,0.0382,49.6598,1210.2215,15409.95,0.0091,10.2794,,,0.1011,307.6589,2276.6758,4955.79,0.0349,35.7608,2592.0081,0.8924,13753.2938,0.2689,1547.5604,0.8067,0.7295,0.1959,633.1258,0.1452,350.6588,3188.27,2222.44,134.28,589.0,264.74,,500.82,486.33,982.85,457.44,288.76,149.18,479.96,176.79,87.03,168.25,676.74,3165.34,6347.47,853.74,486.33,70.74,53.18,14.1,0.13,0.8538,-186
Franklin,37069,16052,9141,6910,2403,5982,1269,5834,2,258,229.2,127,54,73,14,1,14,0,0,0.5695,0.1497,13723,4424,0.1697,0.3522,72.0,0.5353,0.8056,0.1493,0.0177,11502.08,11188.08,67103149.0,0.1368,207.4049,1127.1855,23197.36,0.1551,570.4491,0.276,0.5214,2662.3243,0.0283,39.0812,1041.9952,19465.22,0.007,7.1992,,,0.0727,185.8073,1247.8574,4888.84,0.0262,27.5968,1751.7998,0.9158,14871.6147,0.265,1686.3216,0.8284,0.7667,0.0391,158.3819,0.1208,258.1419,3173.04,2395.41,201.36,550.52,181.35,,355.31,329.19,1068.58,605.12,350.8,267.17,421.7,224.03,18.59,115.06,1023.25,3505.4,6714.02,731.87,329.19,21.23,38.31,47.1,0.4252,0.8884,132
Stanly,37167,15919,9875,6043,2647,6184,1401,5436,4,406,287.8,202,48,154,6,1,6,0,0,0.6203,0.1663,14291,5120,0.1139,0.2078,72.0,0.5421,0.9047,0.0552,0.0083,12038.91,11905.69,65443521.0,0.1648,249.6321,1275.0184,19984.97,0.1674,702.3547,0.3313,0.6657,4190.3974,0.0386,48.7491,1471.1185,17838.33,0.0057,5.8867,,,0.0848,247.4246,2024.6505,4968.71,0.0414,42.4945,3041.0228,0.9249,15058.6829,0.2575,1636.4974,0.7929,0.7472,0.0188,59.7866,0.1582,338.1163,3294.06,2446.75,140.53,689.12,168.94,,421.37,525.19,1119.78,420.62,265.16,183.29,1100.77,142.32,8.6,143.5,615.74,3714.71,6587.78,858.06,525.19,32.66,46.54,30.6,0.2376,0.7089,65
Lenoir,37107,15287,8581,6706,4169,5513,1361,6090,3,381,287.3,356,99,257,10,4,10,0,0,0.5613,0.2727,14229,4802,0.0744,0.1481,72.0,0.5282,0.712,0.2501,0.0141,12218.11,11957.99,74408294.0,0.1668,266.1741,1388.3415,23486.53,0.1874,655.1724,0.3163,0.5388,2864.8604,0.03,39.2447,1102.4631,16969.76,0.0143,15.7635,,,0.092,251.5599,1697.5369,4567.49,0.0366,37.4384,3514.1215,0.9248,16736.289,0.2662,1543.6782,0.8555,0.7718,0.0406,150.4105,0.175,698.8506,3918.28,1882.91,83.78,509.93,336.87,,420.0,598.9,1189.49,444.1,408.74,275.67,388.07,191.47,20.58,241.22,1129.3,3831.85,6761.76,846.8,598.9,64.57,52.11,15.5,0.2781,0.7541,-118
Pender,37141,15279,7755,7524,2059,5836,1260,6933,2,210,193.8,97,79,18,5,2,5,0,0,0.5076,0.1348,13232,4469,0.1547,0.3059,73.0,0.5262,0.8584,0.0961,0.0147,10613.98,10348.01,73586700.0,0.1226,182.3165,1016.4431,22865.17,0.149,580.701,0.2954,0.5588,2725.9484,0.031,41.1077,916.6306,17438.3,0.0053,5.7695,,,0.0705,188.9514,1305.4955,4736.72,0.0301,31.5881,1735.3238,0.9296,14684.8406,0.2518,1559.0653,0.8822,0.7904,0.0617,195.8748,0.1504,392.0381,2803.32,2214.28,216.64,540.78,124.19,,334.09,335.2,1061.86,535.86,405.86,208.17,423.79,173.71,25.42,167.93,926.36,3385.55,6111.74,664.97,335.2,16.62,33.21,60.2,0.8144,0.9229,155
Lee,37105,15132,8252,6880,2326,5656,1305,5781,3,294,256.1,263,85,178,5,1,5,0,0,0.5453,0.1537,12571,4439,0.2037,0.2742,73.0,0.5323,0.8263,0.1034,0.0374,11595.25,11394.83,67032112.0,0.141,214.3228,1052.4131,23189.6,0.1719,542.4667,0.2761,0.5852,2957.6198,0.0394,52.759,1270.5414,16421.2,0.0024,2.4217,,,0.0737,193.9111,1254.4542,4367.82,0.0367,38.2287,2814.565,0.8815,14495.416,0.2434,1628.265,0.8307,0.7608,0.2318,770.4549,0.0426,79.398,3269.25,2632.33,178.22,647.64,56.31,,321.86,486.39,1022.05,571.06,412.99,292.11,423.6,197.12,75.75,45.96,754.25,3302.61,6893.94,703.95,486.39,46.5,45.28,21.5,0.3232,0.8711,-19
Beaufort,37013,14689,7913,6776,2678,5958,1266,6338,2,268,235.3,123,0,123,4,0,4,0,0,0.5387,0.1823,13267,4773,0.1072,0.2483,74.0,0.5282,0.8454,0.118,0.008,11916.13,11319.09,75524401.0,0.1355,213.6321,1047.3335,26332.33,0.1778,527.769,0.2774,0.5325,2998.1067,0.0268,36.6046,1029.9779,18026.91,0.0076,7.8889,,,0.0723,222.6254,1376.6172,4849.85,0.0334,34.7113,2840.1704,0.9322,13801.8302,0.264,1641.2117,0.8697,0.7865,0.0376,125.5917,0.1358,332.9126,3568.87,2484.54,114.15,483.52,194.3,,350.46,468.6,991.27,451.06,386.63,256.06,663.95,134.71,17.04,132.26,1013.03,3678.44,6885.59,677.82,468.6,20.64,39.49,48.4,0.0,0.878,135
Halifax,37083,14175,8825,5350,4134,5204,1327,4950,4,280,226.5,160,24,136,3,1,3,0,0,0.6226,0.2916,13465,4359,0.0527,0.1939,72.0,0.5374,0.6174,0.3386,0.0069,13045.27,12640.79,64574102.0,0.1604,259.3939,1559.1919,25633.78,0.1855,737.9798,0.3208,0.6448,3558.5859,0.0444,60.404,1748.2828,19073.05,0.0137,14.3434,0.0022,2.2222,0.0772,236.1616,1430.9091,4992.81,0.0325,34.1414,2603.0303,0.8707,12734.1414,0.2812,1658.3838,0.8663,0.7341,0.5958,2815.3535,0.1533,582.6263,4111.76,2710.01,68.85,847.69,322.51,93.12,385.3,427.87,922.39,452.33,380.05,193.87,453.79,340.97,323.12,209.47,668.58,3327.1,7893.39,1263.32,427.87,30.75,43.52,32.5,0.15,0.8089,65
Columbus,37047,13723,8053,5670,3421,5169,1137,5262,3,323,245.4,84,0,84,2,0,2,0,0,0.5868,0.2493,13246,4437,0.036,0.165,73.0,0.534,0.7862,0.1786,0.0059,13107.58,13162.04,68972071.0,0.1572,244.7739,1469.7834,23451.75,0.177,730.5207,0.3406,0.7421,5108.5139,0.042,55.4922,1569.9354,17798.24,0.0108,13.493,,,0.1047,385.2147,2506.6515,6074.62,0.0473,51.1212,4774.0403,0.9181,15860.1292,0.2676,1763.0179,0.8324,0.7938,0.1454,667.2368,0.165,643.6716,3685.79,2367.97,143.4,747.51,310.96,,636.09,817.68,1179.37,523.77,450.22,211.57,512.19,206.15,84.54,289.64,796.13,3870.11,7216.72,1058.47,817.68,16.25,47.48,61.5,0.0,0.7598,139
Sampson,37163,13527,8403,5124,2897,5158,1229,4661,2,312,189.5,203,45,158,5,1,5,0,0,0.6212,0.2142,13217,4611,0.0235,0.1186,73.0,0.5323,0.752,0.177,0.0343,12832.23,12231.49,59811028.0,0.1566,251.4482,1365.5868,26161.02,0.1986,757.3482,0.3396,0.6477,3506.9728,0.0393,52.5638,1260.4591,16365.6,0.0077,8.3673,,,0.1008,320.5321,2330.8303,5241.96,0.0401,41.622,3467.7108,0.9054,15667.4533,0.2841,1794.4647,0.8676,0.7777,0.1362,570.693,0.1564,372.0232,4097.31,2186.2,92.17,642.55,170.64,,528.58,598.48,1118.45,530.12,444.65,252.76,551.87,266.39,72.91,195.73,987.85,3957.07,7367.92,813.19,598.48,39.36,36.74,25.4,0.2217,0.6074,20
Edgecombe,37065,13283,8422,4862,4006,4671,1093,4428,3,377,319.0,280,18,262,8,1,8,0,0,0.634,0.3016,12606,3932,0.0537,0.1879,73.0,0.5402,0.615,0.3579,0.0084,12907.14,12573.13,57152816.0,0.1658,254.5167,1398.5998,24057.35,0.166,782.0687,0.348,0.6188,3652.6649,0.0445,62.7823,1860.2078,21096.7,0.009,9.9368,,,0.0811,224.0289,1481.7073,4930.23,0.0343,36.5854,2938.3469,0.902,15409.6658,0.2599,1819.5574,0.8568,0.7651,0.1635,651.9874,0.1809,784.7787,3987.83,2233.63,94.81,938.58,231.11,,399.72,512.83,1097.6,491.95,334.57,214.79,563.43,421.87,74.83,237.46,809.78,3494.72,7467.55,1169.69,512.83,59.94,68.29,16.7,0.0643,0.8462,-78
Granville,37077,12937,7547,5390,2270,4949,1144,4724,2,240,223.6,242,14,228,6,1,6,0,0,0.5834,0.1755,12015,3967,0.0767,0.2475,72.0,0.5178,0.7329,0.2182,0.0199,11691.64,10966.78,55231310.0,0.1437,212.7434,1218.2472,26026.72,0.1512,600.127,0.3017,0.655,3715.2837,0.0322,41.9136,1202.7942,18430.86,0.0049,5.5038,,,0.073,202.7942,1383.7849,5310.45,0.0277,30.6943,1727.138,0.8992,13997.6715,0.2705,1608.171,0.7976,0.7439,0.1808,711.8967,0.1448,332.3455,3740.93,2545.23,108.44,593.03,126.47,,387.83,324.91,973.17,442.37,253.65,189.13,538.41,266.11,135.06,148.99,686.05,3163.3,7252.07,719.5,324.91,48.9,45.18,20.5,0.0579,0.9317,-28
Macon,37113,12839,5760,7080,1516,5734,1328,6684,2,280,125.6,178,72,106,3,2,3,0,0,0.4486,0.1181,11926,4745,0.0766,0.2084,74.0,0.545,0.9586,0.0028,0.0112,10513.18,10716.61,70270075.0,0.1396,206.164,963.3453,19414.11,0.1299,359.0664,0.2072,0.7397,4422.6511,0.0374,47.5763,1231.7475,22815.95,0.0055,5.6852,,,0.0631,146.3196,1216.7864,4102.32,0.0346,35.9066,2353.6804,0.9062,12066.8761,0.2624,1886.4452,0.7271,0.7476,0.3036,974.2669,0.133,281.8671,2709.96,1686.8,153.88,853.38,121.47,,259.0,419.53,887.01,445.87,296.93,156.94,631.65,93.48,181.21,146.69,1350.47,3763.21,5236.68,974.85,419.53,31.04,21.9,32.2,0.4045,0.4486,70
McDowell,37111,12484,7710,4775,2452,4582,1068,4364,2,250,223.8,353,0,353,9,0,9,0,0,0.6176,0.1964,11881,3948,0.0508,0.1606,72.0,0.5289,0.9365,0.0231,0.0117,12320.83,12109.77,53768081.0,0.156,254.8121,1451.879,24682.48,0.1947,700.0458,0.3146,0.6661,3366.407,0.0486,65.5362,1878.3226,18656.26,0.0055,5.7287,,,0.0969,317.8277,2406.0495,5347.73,0.0321,35.0596,2412.9239,0.8719,15193.1714,0.2722,2028.6434,0.7887,0.7266,0.3032,963.3364,0.154,373.2814,3851.69,1706.21,128.65,906.31,136.97,,518.35,421.76,1080.17,384.21,344.95,200.33,478.38,144.09,201.36,181.43,1348.49,4172.03,6396.28,1043.28,421.76,77.04,48.84,13.0,0.0,0.8952,-155
Stokes,37169,12426,8916,3510,1826,4742,1157,2962,4,322,304.1,256,109,147,6,3,6,0,0,0.7175,0.1469,11512,4082,0.0794,0.1617,71.0,0.5196,0.9247,0.0311,0.0061,12528.94,12102.02,37110730.0,0.1617,250.844,1361.9176,22662.82,0.1676,561.445,0.291,0.7957,6862.9305,0.0321,38.4875,1006.7522,18010.38,0.0125,14.1796,,,0.081,240.3781,1749.4936,5550.65,0.03,31.7353,1913.2343,0.9018,14992.9102,0.2843,2090.1418,0.7147,0.7488,0.0739,389.6016,0.1391,307.5625,3664.92,3156.89,153.69,577.65,346.27,,449.75,420.87,1024.81,460.54,306.62,185.09,491.75,103.46,67.36,146.59,775.76,3301.14,7686.09,923.92,420.87,53.99,64.13,18.5,0.4258,0.9444,-51
Davie,37059,11917,7895,4023,1353,5090,1287,3508,3,249,230.7,175,69,106,4,1,4,0,0,0.6625,0.1135,10605,4055,0.1237,0.2552,73.0,0.5379,0.9111,0.0365,0.0148,12413.08,11512.9,43545094.0,0.1448,219.2132,1088.6545,25029.31,0.1583,606.6135,0.3139,0.799,7257.4116,0.0328,41.6192,964.0821,15324.7,0.0091,9.9772,,,0.0698,199.2588,1367.7309,5350.48,0.0336,34.7777,2190.1368,0.9364,15425.0285,0.2714,1895.667,0.7657,0.7996,0.0157,64.7092,0.1303,281.0718,3624.54,3455.83,137.97,502.38,245.39,,373.68,440.5,1087.73,505.22,281.05,179.46,454.13,116.19,8.22,119.42,682.98,3067.25,7959.17,747.77,440.5,34.38,45.32,29.1,0.3943,0.9265,45
Duplin,37061,11400,6383,5017,2497,4449,1062,4602,3,272,240.5,363,0,363,6,0,6,0,0,0.5599,0.219,10882,3804,0.0476,0.1696,73.0,0.5398,0.7723,0.1771,0.0324,12606.62,12204.64,58015668.0,0.1612,244.0243,1297.0448,22064.82,0.1753,804.4329,0.3444,0.6245,2996.0887,0.0428,55.8453,1523.0335,18589.0,0.0074,8.04,,,0.1006,320.5128,2152.1078,5157.18,0.0393,40.6345,2351.1517,0.9024,14658.1921,0.279,1685.3542,0.8653,0.7784,0.1875,615.8192,0.1691,405.6932,3557.6,2233.08,144.32,795.75,194.38,,518.86,423.54,1052.75,495.13,415.47,225.79,548.85,192.67,80.88,212.36,1318.7,4161.3,6835.16,990.13,423.54,81.59,54.06,12.3,0.0,0.8842,-171
Dare,37055,11062,2934,8129,633,4272,856,7541,1,126,93.6,102,28,74,1,1,1,0,0,0.2652,0.0572,9379,3132,0.1794,0.364,73.0,0.5241,0.9432,0.0101,0.0113,10334.94,10367.32,77935795.0,0.1152,175.9714,907.4393,25533.09,0.183,594.7487,0.2668,0.7136,4318.5254,0.0265,35.1412,952.924,18425.67,0.0032,3.713,,,0.0749,201.167,1404.1904,4477.95,0.0206,21.0847,1115.7671,0.9485,13222.5169,0.2122,1153.2953,0.8943,0.7868,0.0335,119.4802,0.1363,382.1774,2942.35,2442.61,166.37,488.68,83.69,,335.5,192.11,953.13,517.89,386.43,164.84,393.55,59.92,17.67,240.77,834.71,3085.83,6369.91,572.37,192.11,23.88,21.91,41.9,0.2745,0.7429,83
Cherokee,37039,11022,5626,5395,1614,4425,902,5006,2,210,173.8,17,0,17,3,0,3,0,0,0.5104,0.1464,9853,3468,0.1186,0.276,73.0,0.5288,0.9319,0.005,0.0124,9767.7,9944.39,48897103.0,0.1157,164.4027,838.7934,20887.53,0.1508,551.1386,0.2815,0.695,4249.1011,0.0334,43.7475,1355.5733,22288.51,0.0036,3.7954,,,0.0541,116.2605,868.9573,3604.6,0.0232,23.7715,2437.6748,0.8726,10905.7131,0.2299,1542.9485,0.7549,0.7381,0.4341,1442.469,0.128,278.0663,2415.88,2182.83,69.63,743.54,92.13,,195.14,400.37,789.87,532.94,275.2,190.76,367.7,111.99,235.75,271.09,689.69,2744.11,5584.36,835.67,400.37,3.84,39.28,260.3,0.0,0.8276,174
Vance,37181,10999,7415,3584,3104,4059,944,3145,3,230,184.9,97,24,73,3,1,3,0,0,0.6742,0.2822,10428,3362,0.0548,0.2073,71.0,0.5316,0.6203,0.3418,0.013,13002.08,12305.27,40891531.0,0.1545,239.7456,1538.3148,27671.83,0.1801,770.4293,0.3234,0.6827,4680.4452,0.0397,50.8744,1679.8092,19500.15,0.0102,11.1288,,,0.0785,227.9809,1446.4229,5123.01,0.0277,27.663,1417.1701,0.861,14034.9762,0.2843,1772.973,0.7882,0.7119,0.3266,1164.3879,0.1593,426.3911,4276.16,2733.92,78.45,775.05,248.22,,402.35,262.45,1011.88,458.38,257.67,186.63,581.25,469.73,154.01,165.52,623.96,3217.75,8182.16,1023.27,262.45,23.9,45.55,41.8,0.2474,0.8039,78
Transylvania,37175,10938,5478,5460,1046,5032,1268,5177,3,267,185.0,136,60,76,4,1,4,0,0,0.5008,0.0956,10448,4390,0.0469,0.1462,75.0,0.5461,0.9403,0.0135,0.0083,10383.15,10746.28,53753589.0,0.1398,216.7278,1027.0427,19141.59,0.1796,395.0164,0.2121,0.7516,4735.368,0.0442,55.0512,1235.2714,16552.26,0.005,5.6017,,,0.0877,242.4184,2032.2581,4754.93,0.0309,31.6786,1945.7215,0.9162,11962.3334,0.2393,1606.5289,0.7315,0.7844,0.5258,1752.7526,0.1261,259.6098,2676.94,1622.6,145.41,732.17,128.64,,416.99,351.59,873.08,426.55,300.19,167.99,420.07,76.43,259.74,124.6,1445.19,3883.25,5072.53,860.81,351.59,27.03,36.76,37.0,0.4412,0.6929,82
Richmond,37153,10696,6851,3846,2823,3765,850,3641,2,225,158.8,180,54,126,3,1,3,0,0,0.6405,0.2639,10484,3218,0.0202,0.17,72.0,0.5284,0.777,0.1804,0.0146,11434.27,11425.79,41632174.0,0.1524,227.9594,1088.4372,20068.6,0.1511,763.8012,0.3414,0.7006,4476.7921,0.0258,35.1552,1044.2186,20215.27,0.0036,3.8451,,,0.0654,154.6278,1026.641,4114.62,0.0382,39.2749,3443.5595,0.9151,15516.6163,0.2631,1790.7168,0.8226,0.7605,0.0632,213.9522,0.0574,102.719,3059.07,2558.93,115.69,521.9,108.78,,268.96,637.35,1115.2,479.74,311.88,212.76,797.81,361.74,27.13,50.7,604.93,3338.67,6625.87,630.68,637.35,47.81,42.18,20.9,0.3,0.7058,-17
Person,37145,10467,6377,4091,1774,3963,879,3609,2,196,136.9,244,0,244,8,0,8,0,0,0.6092,0.1695,9616,3269,0.0885,0.2123,72.0,0.5345,0.8019,0.1582,0.0136,11584.62,10543.19,41808884.0,0.1313,198.1158,1178.997,28477.0,0.1654,635.9102,0.2929,0.6633,3854.2533,0.0355,49.0441,1322.8041,18643.21,0.0055,6.0959,,,0.0754,234.6911,1525.9075,5735.56,0.0369,37.6836,2258.7975,0.9105,14652.5353,0.3023,1750.6234,0.8457,0.7351,0.0513,178.7199,0.1457,315.0457,3740.12,2562.78,88.66,661.22,156.1,,432.27,433.2,1014.03,422.92,301.09,178.56,440.65,233.72,23.98,137.14,604.62,2995.2,7185.34,817.32,433.2,61.57,34.54,16.2,0.0,0.6985,-73
Watauga,37189,9991,4896,5095,930,4394,1048,4739,2,226,187.7,96,44,52,1,1,1,0,0,0.49,0.0931,9489,3582,0.0529,0.2267,73.0,0.5301,0.938,0.0055,0.0127,11242.22,10469.13,53276885.0,0.1222,190.9686,975.7333,27261.92,0.2024,535.345,0.2863,0.7668,6013.2939,0.0338,46.2123,1213.9692,16847.93,0.0036,3.7983,,,0.0791,211.648,1526.9044,4451.81,0.0314,32.4963,3116.9023,0.9287,12834.3532,0.2705,2018.7803,0.8377,0.7525,0.1139,419.9198,0.1074,225.575,3330.8,2665.26,92.62,568.83,97.79,,352.27,512.72,934.49,510.57,298.51,184.91,465.42,84.14,63.65,137.4,772.8,3072.05,6820.79,666.62,512.72,21.85,42.72,45.8,0.4583,0.8305,94
Pasquotank,37139,9731,4265,5466,1707,3715,863,4922,2,278,251.3,278,72,206,5,2,5,0,0,0.4383,0.1754,8661,3027,0.1235,0.2273,73.0,0.5278,0.7225,0.2314,0.0126,12709.63,12268.17,62556785.0,0.1516,254.5713,1294.1894,27043.05,0.2219,823.2426,0.3521,0.702,4425.64,0.0459,61.3572,1842.5437,21888.94,,,,,0.0825,177.7733,1173.7099,3779.27,0.0258,27.2247,2180.4145,0.9352,16304.9573,0.2692,1717.3913,0.8706,0.7706,0.0085,21.3328,0.1694,712.1089,4098.76,1913.34,106.03,1005.06,,,311.74,359.83,1212.12,490.79,375.94,187.93,670.0,265.94,3.13,268.02,1195.37,3956.23,7142.88,1005.06,359.83,74.83,67.64,13.4,0.259,0.904,-117
Yadkin,37197,9629,7064,2566,1466,3830,973,2205,2,223,186.4,169,0,169,3,0,3,0,0,0.7336,0.1522,9009,3304,0.0688,0.1592,72.0,0.5179,0.9234,0.0231,0.0209,13791.89,13372.34,30411114.0,0.1615,263.0385,1551.4739,22939.43,0.1688,652.6077,0.3197,0.8145,7827.2109,0.0349,43.9909,1231.746,17819.25,0.0141,16.3265,0.0,0.0,0.0889,241.2698,1863.0385,5003.39,0.0372,39.0023,2624.0363,0.9265,16770.9751,0.3134,2451.2472,0.7483,0.7764,0.0109,30.3855,0.1429,320.1814,3703.6,3484.32,165.91,622.26,400.67,0.0,444.75,549.19,1163.98,448.22,308.23,189.98,756.47,162.47,3.75,168.85,1115.64,3982.8,8133.37,1022.93,549.19,44.13,48.67,22.7,0.0,0.8359,-3
Jackson,37099,9364,4607,4757,1348,3979,814,4441,2,200,181.4,145,44,101,2,1,2,0,0,0.492,0.144,8868,3179,0.0559,0.2517,73.0,0.5393,0.8998,0.0065,0.011,11710.75,11445.82,52007450.0,0.1353,205.8095,1054.9426,21954.9,0.1629,567.8901,0.2731,0.7814,6953.3889,0.0396,55.1678,1500.1126,20982.01,0.0032,3.828,,,0.048,113.0376,784.7332,3876.92,0.0313,31.2993,1479.6217,0.9057,13715.8298,0.2986,1935.1497,0.7293,0.7172,0.1716,606.8453,0.0676,131.9523,2971.15,2741.43,161.68,831.53,84.19,,185.95,268.78,988.02,430.65,312.98,150.02,834.42,98.65,105.14,75.83,1235.39,3811.92,6479.39,915.72,268.78,36.44,45.59,27.4,0.3034,0.907,27
Alexander,37003,8840,5743,3097,1271,3533,791,2787,1,183,115.6,130,60,70,4,1,4,0,0,0.6497,0.1438,8546,3105,0.0344,0.1378,74.0,0.5396,0.9444,0.023,0.0122,12864.4,12722.42,35853082.0,0.145,218.5145,1209.1855,23299.73,0.167,508.0732,0.2777,0.6236,3399.713,0.0434,51.3097,1553.6419,16832.38,0.0093,9.6878,,,0.0958,261.9304,2112.6659,4639.42,0.0391,40.5454,3531.037,0.9117,14525.296,0.3053,2548.2598,0.8662,0.7714,0.2723,972.7305,0.1374,285.6118,3377.5,2244.73,209.62,730.79,229.97,,444.47,653.21,1082.26,540.44,417.25,204.15,427.62,154.51,118.71,136.96,1712.38,4406.84,6663.76,960.76,653.21,36.8,32.72,27.2,0.4615,0.6317,23
Ashe,37009,8643,4209,4435,1466,3644,911,4319,1,210,115.0,133,42,91,5,2,5,0,0,0.487,0.1696,8067,2968,0.0714,0.2278,74.0,0.5411,0.9685,0.003,0.0079,10377.37,10255.56,44819850.0,0.1317,189.8588,876.3603,20452.35,0.1522,609.8634,0.313,0.7328,4836.9993,0.0389,49.78,1292.8919,15601.01,0.0051,5.3253,,,0.0843,288.7242,2220.8845,5652.03,0.0347,36.351,2698.7729,0.9359,12176.8928,0.2727,2235.2396,0.8307,0.7425,0.169,415.1424,0.1264,263.2554,2694.46,2554.05,60.73,606.85,116.15,,476.35,456.54,866.34,452.4,295.78,175.42,489.23,72.86,55.94,172.1,647.24,3006.3,6006.6,723.0,456.54,36.5,31.56,27.4,0.3158,0.5476,25
Scotland,37165,8377,5562,2815,2146,2996,677,2538,2,207,170.4,100,0,100,1,0,1,0,0,0.664,0.2562,8230,2622,0.0179,0.1426,72.0,0.5307,0.6982,0.2388,0.0087,11939.77,11883.94,30303129.0,0.1702,264.7754,1388.4949,21242.9,0.1563,782.1119,0.3467,0.7293,5340.8195,0.0465,53.5855,1349.8818,13755.85,0.0071,7.8802,,,0.0737,200.5516,1176.1229,4563.33,0.0461,48.8574,3608.353,0.8696,13935.3822,0.2262,1571.316,0.8164,0.7447,0.411,1355.0039,0.1568,562.2537,3615.81,2574.89,83.02,639.55,180.5,,336.23,658.71,1030.63,424.3,340.09,211.43,330.03,283.4,145.04,250.06,516.87,2910.32,7231.48,820.05,658.71,33.38,56.88,30.0,0.0,0.8232,30
Bladen,37017,8186,5333,2854,1998,3009,655,2618,2,184,151.7,149,26,123,7,1,7,0,0,0.6515,0.2441,8041,2540,0.018,0.1846,72.0,0.5145,0.7483,0.2116,0.0073,13708.8,13218.2,35889626.0,0.1597,254.0107,1574.8663,26441.39,0.1741,710.466,0.3151,0.699,4499.618,0.0424,58.8235,1532.0856,25023.52,0.0053,5.3476,,,0.0985,363.6364,2207.4102,5911.72,0.0443,48.8923,5243.6975,0.885,13729.1826,0.246,1593.9649,0.8319,0.7659,0.5111,2142.4752,0.1837,586.3254,4221.73,2450.98,117.46,1060.97,107.62,,582.59,880.22,1002.32,474.75,412.12,207.92,402.76,254.32,431.19,322.23,648.07,3686.97,7841.47,1168.59,880.22,49.52,50.42,20.2,0.1745,0.8245,-19
Hoke,37093,8179,4787,3392,1901,2404,523,2954,1,132,123.6,165,54,111,2,2,2,0,0,0.5853,0.2324,7390,1914,0.1068,0.256,69.0,0.4915,0.5511,0.3186,0.0623,10501.56,10325.23,31021605.0,0.1303,203.7915,1110.6974,24699.44,0.1996,670.6161,0.3192,0.6307,3559.5802,0.0234,29.4516,671.6317,14700.14,0.0047,5.4164,,,0.0653,200.4062,1161.476,4901.02,0.0257,26.7434,1970.2099,0.8761,14488.1517,0.2458,1556.195,0.7779,0.7305,0.0768,261.3406,0.1266,264.3873,3219.12,2291.52,157.71,343.37,137.44,,320.21,343.39,1060.92,453.74,353.8,228.78,419.3,330.78,30.18,122.27,494.69,2907.88,6575.14,480.81,343.39,68.64,51.41,14.6,0.3273,0.9364,-61
Polk,37149,7237,3018,4219,705,3395,894,3967,3,185,155.8,72,24,48,2,1,2,0,0,0.417,0.0974,6578,2783,0.1002,0.2199,75.0,0.5659,0.9352,0.0187,0.0129,10468.11,10802.47,41526985.0,0.1334,185.7827,860.3479,19850.11,0.151,581.5478,0.3045,0.7603,5214.5198,0.0363,45.6264,1037.8119,17721.57,0.0076,8.3186,,,0.0774,192.8409,1355.6844,4148.81,0.0368,37.8119,2396.2692,0.905,11716.1583,0.2367,1494.8324,0.7996,0.7807,0.3093,1026.9725,0.1351,252.5838,2647.01,2151.96,201.44,643.28,197.5,,321.07,442.53,841.62,434.44,292.31,153.51,335.04,111.55,208.93,123.34,900.03,3052.51,5669.74,840.78,442.53,21.21,45.89,47.2,0.3333,0.8422,75
Currituck,37053,7061,2285,4777,624,2464,460,4218,1,100,79.5,90,48,42,1,1,1,0,0,0.3236,0.0884,5557,1784,0.2706,0.3812,72.0,0.5213,0.9123,0.0429,0.0119,10979.27,10742.9,46310579.0,0.1406,215.2679,1148.6486,22884.44,0.1729,572.0721,0.2826,0.6901,4202.2285,0.0299,40.0664,894.4998,15764.61,,,,,0.0704,155.761,1136.3205,4031.5,0.0251,26.3158,2176.1498,0.9381,14583.689,0.2798,1674.4903,0.8822,0.7795,0.0055,16.5955,0.137,358.2266,3217.28,1797.41,183.33,470.92,,,283.87,373.22,1069.13,525.59,411.29,193.88,682.77,98.49,2.47,204.64,1289.83,3933.24,6026.74,470.92,373.22,36.53,32.26,27.4,0.5333,0.795,17
Martin,37117,6710,3910,2800,1560,2597,619,2701,1,154,119.2,194,50,144,4,1,4,0,0,0.5827,0.2325,6396,2233,0.0491,0.163,74.0,0.5354,0.7079,0.261,0.0074,12282.7,11743.04,33175580.0,0.1437,227.6934,1166.605,24712.71,0.1958,679.0078,0.3169,0.565,2796.0015,0.0374,51.8327,1466.4939,19708.93,0.0089,9.6261,,,0.0718,249.167,1806.368,5761.74,0.03,31.8401,2576.8234,0.8982,13189.9297,0.2692,1702.7027,0.8471,0.7575,0.2418,754.5354,0.1566,871.1588,3549.99,2600.75,120.73,736.99,214.54,,413.84,419.08,943.33,458.69,405.18,262.21,550.06,209.62,124.49,289.85,868.52,3567.63,7229.63,951.53,419.08,74.7,45.9,13.4,0.2577,0.774,-82
Montgomery,37123,6560,4127,2433,1344,2518,550,2256,1,141,100.1,186,136,50,3,2,3,0,0,0.6291,0.2049,6233,2085,0.0525,0.2077,73.0,0.5293,0.8732,0.0904,0.0155,10951.07,10989.6,24705622.0,0.1321,203.9007,1060.727,21566.72,0.1847,574.0248,0.2859,0.6383,3892.7305,0.0368,46.9858,1000.4433,16743.0,,,,,0.0678,187.9433,1518.1738,4782.13,0.0363,37.6773,3680.8511,0.8914,13446.3652,0.2411,1715.8688,0.7881,0.7531,0.1999,633.8652,0.0457,81.117,2848.8,2564.35,143.73,615.99,,,324.32,611.39,988.46,456.13,300.2,198.85,642.91,183.27,84.26,39.46,674.05,3213.05,6235.74,615.99,611.39,73.87,39.75,13.5,0.7312,0.7099,-77
Madison,37115,6374,3536,2838,1114,2538,545,2557,2,180,153.9,81,0,81,3,0,3,0,0,0.5548,0.1748,5845,2003,0.0905,0.2671,73.0,0.5397,,,,11296.14,11418.6,28884232.0,0.149,229.957,1071.5682,20348.3,0.1586,447.7904,0.2456,0.5616,2611.6543,0.045,69.2217,1614.0008,19193.82,0.009,10.9503,,,0.0806,205.3187,1576.4568,4206.99,0.0305,31.2867,2534.6109,0.8612,12035.1975,0.2479,1626.1244,0.8189,0.7157,0.4106,1915.526,0.1498,296.4411,3031.95,1657.25,208.98,863.23,230.9,,338.93,451.78,881.72,410.36,306.89,190.23,471.08,,275.1,143.97,1319.22,3783.17,5452.51,1094.13,451.78,31.91,60.64,31.3,0.0,0.855,29
Yancey,37199,5815,3102,2713,937,2502,605,2544,1,140,101.1,70,40,30,1,1,1,0,0,0.5334,0.1611,5615,2101,0.0356,0.1909,73.0,0.5405,0.9568,0.0047,0.0098,10303.52,10774.94,26212165.0,0.1392,204.0094,945.3616,18277.69,0.1595,286.9497,0.1804,0.5523,2011.3994,0.044,58.1761,1672.1698,19095.12,0.0106,11.0063,,,0.0865,205.9748,1422.5629,3877.19,0.0507,54.6384,6261.0063,0.8498,11029.0881,0.2465,1781.4465,0.7748,0.7323,0.5086,2123.0346,0.1368,264.1509,2543.36,1016.11,154.06,840.67,274.94,,335.29,1016.45,814.86,351.13,316.67,161.15,463.86,,411.33,148.5,1064.4,3567.56,4213.16,1115.61,1016.45,27.98,40.41,35.7,0.5714,0.7221,38
Hertford,37091,5736,3261,2475,1694,2111,553,2313,1,151,120.2,190,114,76,10,2,10,0,0,0.5685,0.2953,5363,1798,0.0696,0.1741,73.0,0.5387,0.5573,0.4215,0.0048,13246.78,12961.55,30639809.0,0.1595,260.2681,1670.5577,25978.81,0.1975,773.022,0.348,0.7177,4419.3688,0.0514,69.6066,2173.3679,19423.84,,,,,0.0757,258.971,1546.9088,5141.33,0.0363,37.6135,2805.8798,0.8841,13323.3895,0.243,1557.7173,0.8772,0.7281,0.5495,2104.626,0.1509,936.0138,4144.48,2492.51,108.16,999.32,,,388.99,476.04,918.13,392.94,308.68,201.06,565.05,315.16,310.39,302.24,909.85,3602.15,7755.49,999.32,476.04,90.0,56.94,11.1,0.6,0.796,-99
Anson,37007,5733,3691,2043,1506,2076,491,1800,2,161,129.2,60,0,60,1,0,1,0,0,0.6438,0.2627,5548,1780,0.0333,0.1663,72.0,0.5433,,,,12094.47,11683.54,21770053.0,0.1717,250.0,1317.7778,22197.04,0.15,855.0,0.3989,0.7228,5061.6667,0.0506,65.0,1506.6667,16048.79,,,,,0.09,247.7778,1856.6667,5016.52,0.0356,37.7778,3578.8889,0.8961,14739.4444,0.26,1820.0,0.7483,0.7344,0.0383,141.1111,0.1333,275.0,3810.49,2261.25,120.47,811.36,,,451.49,676.24,1082.46,426.93,258.0,169.84,335.46,473.63,18.49,111.09,643.71,2959.45,7203.86,811.36,676.24,28.9,62.24,34.6,0.0,0.8025,30
Northampton,37131,5685,3349,2336,1311,2160,533,2212,2,149,140.3,176,72,104,4,2,4,0,0,0.5891,0.2306,5638,2005,0.0083,0.0773,73.0,0.5258,0.6162,0.3617,0.0054,13445.01,12899.51,29740366.0,0.1659,264.9186,1653.7071,28017.0,0.2068,718.8065,0.3065,0.6659,3783.4539,0.0448,58.3183,1585.443,16351.81,0.009,9.0416,,,0.08,217.9024,1404.1591,4309.92,0.0316,33.4539,1968.8065,0.8748,12764.4665,0.2532,1603.0741,0.8639,0.7306,0.5212,2377.9385,0.1618,668.1736,4648.39,2747.27,105.16,731.84,240.47,,344.87,343.65,909.22,460.27,350.43,210.95,443.45,322.73,289.48,278.86,725.46,3273.86,8562.68,972.31,343.65,81.48,64.95,12.3,0.4091,0.9416,-83
Caswell,37033,5599,3818,1781,1100,2113,480,1537,1,157,148.5,207,42,165,17,1,17,0,0,0.6819,0.1965,5987,1997,-0.0648,0.0581,71.0,0.5381,,,,11093.85,10601.99,17051247.0,0.1282,190.6311,1014.9642,24766.4,0.1504,589.46,0.296,0.6083,3339.6226,0.0319,39.0371,1314.2485,19832.39,0.0072,7.8074,,,0.0729,227.0657,1435.2635,5155.02,0.039,39.6877,3072.8692,0.8666,13327.2609,0.2511,1706.5712,0.8204,0.7215,0.2642,901.7567,0.1334,335.7189,3174.35,2311.56,120.41,632.26,263.15,,375.64,519.43,951.14,345.01,315.43,167.13,454.4,244.19,115.29,160.03,794.04,3173.07,6355.55,895.41,519.43,97.96,70.28,10.2,0.2029,0.9459,-116
Bertie,37015,5570,3138,2433,1635,1953,481,2259,2,142,113.4,117,60,57,11,1,11,0,0,0.5634,0.2935,5336,1724,0.0439,0.1328,72.0,0.5383,,,,12398.33,12120.66,28007829.0,0.1576,245.6839,1305.0022,23753.54,0.2218,909.2519,0.378,0.7441,5116.8659,0.0398,56.6622,1678.6189,19212.6,,,,,0.0633,212.4834,1468.3488,5508.5,0.0328,33.2005,2133.6875,0.8995,12152.2798,0.2497,1524.5684,0.83,0.7565,0.5281,1849.4909,0.1731,837.9814,3743.36,2825.66,113.7,765.44,,,348.7,362.19,830.94,416.0,292.89,203.37,385.42,300.68,315.59,291.1,809.46,3186.37,7690.5,765.44,362.19,59.91,58.06,16.7,0.5128,0.7986,-33
Avery,37011,5152,2610,2542,770,2155,455,2426,1,118,65.7,60,60,0,1,1,1,0,0,0.5066,0.1495,4708,1785,0.0943,0.2073,74.0,0.528,,,,11780.49,11286.47,28579469.0,0.1517,231.2448,1104.6991,23955.28,0.154,665.7049,0.324,0.7238,4727.1228,0.0495,58.9448,1728.7716,18095.09,,,,,0.0882,246.4963,1558.1204,4412.18,0.0466,52.3495,4892.0033,0.9044,11920.4452,0.2675,2050.2885,0.812,0.7391,0.143,530.5029,0.1459,350.371,3633.78,2509.66,84.66,895.06,,,389.2,829.38,874.82,461.18,296.05,161.43,396.86,,90.66,178.51,639.05,2848.07,6867.79,895.06,829.38,27.84,30.49,35.9,1.0,0.5568,33
Warren,37185,5133,3069,2065,1102,2050,459,1893,1,140,86.3,101,20,81,3,1,3,0,0,0.5979,0.2147,5410,1885,-0.0512,0.0875,73.0,0.5161,0.6054,0.3354,0.0074,10292.38,9794.46,19483468.0,0.1273,183.3069,1072.9002,22233.2,0.1724,628.6318,0.2979,0.71,4437.9292,0.0306,36.4501,982.0391,14627.52,0.01,10.5652,,,0.0655,175.9113,1212.3613,4719.83,0.0269,29.0544,1896.4606,0.8912,12565.2404,0.2583,1515.0555,0.8251,0.7396,0.3444,1332.8051,0.1337,404.6487,2830.53,2563.91,92.25,448.18,263.43,,309.17,324.35,887.3,414.72,278.26,176.61,494.27,159.21,160.11,195.3,547.01,2852.73,6255.92,711.61,324.35,49.27,42.1,20.3,0.198,0.6164,-12
Clay,37043,4735,2123,2611,558,1945,395,2460,1,90,77.5,60,60,0,1,1,1,0,0,0.4484,0.1178,3983,1434,0.1888,0.3563,73.0,0.5293,,,,9335.82,9549.22,22966122.0,0.1049,143.9024,708.9431,20217.05,0.1481,474.7967,0.2516,0.6972,4159.7561,0.0248,31.7073,821.5447,18819.85,,,,,0.0455,115.8537,987.3984,4477.8,0.0297,30.0813,2306.5041,0.9037,11910.9756,0.2561,1746.748,0.8313,0.7756,0.3341,995.122,0.1203,421.5447,2120.32,2255.16,161.93,466.67,,,203.87,386.94,862.0,471.54,345.62,194.55,459.54,,141.83,278.89,719.63,2927.04,5287.84,466.67,386.94,30.85,39.85,32.4,1.0,0.8611,24
Mitchell,37121,4673,2572,2101,828,1857,438,1936,1,127,106.6,80,48,32,1,1,1,0,0,0.5504,0.1772,4466,1657,0.0464,0.1207,73.0,0.5346,,,,10406.35,10783.42,20146687.0,0.1431,220.0413,970.0413,18090.7,0.1679,290.2893,0.1798,0.5573,2056.8182,0.0346,47.0041,1226.2397,17068.54,0.0083,9.2975,0.0,0.0,0.0723,198.8636,1233.9876,4260.83,0.0506,59.9174,6971.0744,0.8698,11092.4587,0.2593,1752.5826,0.8187,0.7231,0.5336,2239.6694,0.1276,264.4628,2588.39,1514.7,128.91,590.7,216.73,0.0,308.12,1147.94,800.49,373.17,277.01,170.06,402.91,,435.25,152.36,1007.01,3400.85,4757.53,807.43,1147.94,43.08,57.4,23.2,0.6,0.8394,0
Pamlico,37137,4478,1865,2613,476,1903,437,2473,1,96,68.3,70,12,58,1,1,1,0,0,0.4165,0.1063,4103,1528,0.0914,0.2454,74.0,0.4986,0.8742,0.0797,0.0097,10461.68,10119.38,25871734.0,0.129,182.774,966.0332,23828.59,0.1447,461.3829,0.239,0.4945,2606.1464,0.0222,27.9013,654.2661,12963.73,0.0081,8.4917,,,0.0671,176.7085,1145.9765,4223.83,0.0214,21.4315,1887.5859,0.9422,14486.4537,0.2131,1348.9689,0.8973,0.8067,0.0235,63.0813,0.1177,435.9078,3073.72,2510.63,111.36,288.32,186.13,,283.52,311.5,963.35,549.05,368.22,263.87,372.65,125.42,8.25,165.16,812.33,3072.19,6535.34,474.45,311.5,36.78,35.89,27.2,0.1714,0.7115,12
Chowan,37041,4431,1961,2470,813,1806,421,2304,1,130,57.3,126,10,116,3,1,3,0,0,0.4426,0.1835,4093,1505,0.0826,0.2,74.0,0.5425,0.7964,0.1719,0.0056,11654.02,11499.5,26850869.0,0.138,213.1076,1185.7639,27454.91,0.1723,853.7326,0.3563,0.7383,4999.1319,0.0352,46.0069,1378.9063,19070.77,,,,,0.0725,206.5972,1440.9722,4938.59,0.0217,22.5694,1284.2882,0.9436,14172.7431,0.2556,1612.8472,0.8828,0.8164,0.0282,87.2396,0.1354,358.5069,3789.35,2414.37,174.75,670.46,,,357.96,222.69,1010.44,474.95,324.71,181.92,401.9,148.0,13.49,152.35,1018.56,3308.98,7153.77,670.46,222.69,69.77,31.73,14.3,0.0794,0.4408,-48
Perquimans,37143,4410,1830,2580,615,1764,405,2439,1,78,66.3,74,0,74,2,0,2,0,0,0.415,0.1395,3969,1511,0.1111,0.1674,73.0,0.515,0.8717,0.0931,0.0053,12236.66,11885.58,29845217.0,0.1402,215.6622,1167.6917,27842.98,0.1766,747.8475,0.3239,0.7089,4556.3756,0.0381,54.1205,1714.2271,23716.82,,,,,0.0738,195.982,1318.5732,4579.19,0.0234,25.8303,1229.1923,0.9389,14612.5461,0.2714,1632.2263,0.8803,0.7901,0.0111,40.1804,0.1517,407.5441,3904.18,2116.79,132.1,904.33,,,337.95,213.01,1080.74,533.21,373.93,176.32,436.29,262.45,5.95,216.26,1296.86,3708.04,7164.99,904.33,213.01,41.95,37.59,23.8,0.0,0.85,2
Swain,37173,4105,1823,2282,768,1517,327,2119,2,220,152.7,50,0,50,1,0,1,0,0,0.4441,0.1871,3821,1280,0.0743,0.1852,72.0,0.5422,0.6664,0.0071,0.0094,14210.46,12103.69,30111972.0,0.1543,238.7919,1400.1888,23195.52,0.2051,591.7886,0.2676,0.824,9440.7739,0.0434,58.5182,1682.8693,24841.22,0.0057,5.663,,,0.0481,122.2275,1039.6413,4087.67,0.0354,35.3941,2739.4998,0.8971,12257.6687,0.3129,1990.0897,0.6059,0.6484,0.1274,445.0212,0.1685,493.1571,3579.49,4019.49,90.48,1078.52,130.83,,196.76,464.14,884.8,466.66,262.06,150.07,905.52,417.72,50.84,284.93,1019.23,3469.28,8858.77,1209.35,464.14,32.96,100.66,30.3,0.0,0.6941,16
Greene,37079,3995,2347,1648,852,1434,324,1544,1,115,105.3,58,40,18,4,1,4,0,0,0.5875,0.2133,3964,1246,0.0078,0.1509,72.0,0.5039,0.7319,0.2202,0.0266,12055.09,11626.33,18613061.0,0.1632,261.658,1434.5855,24262.97,0.2122,573.1865,0.2804,0.4508,2014.2487,0.0356,52.4611,1514.2487,18291.47,0.0149,16.1917,0.0,0.0,0.0725,213.0829,1430.6995,4873.55,0.0278,27.8497,2202.0725,0.908,14800.5181,0.2584,1666.4508,0.8718,0.7694,0.0687,204.6632,0.1684,796.6321,3960.02,1740.26,123.14,651.57,361.0,0.0,353.52,389.8,1082.35,417.11,482.26,281.83,364.26,306.6,28.45,267.18,1100.5,3693.17,6814.31,1012.57,389.8,40.45,73.43,24.7,0.6897,0.9157,4
Alleghany,37005,3803,2124,1679,590,1564,378,1584,1,90,77.6,40,0,40,1,0,1,0,0,0.5585,0.1551,3369,1257,0.1288,0.2442,74.0,0.5114,0.9539,0.0069,0.0158,11831.37,11260.7,18740887.0,0.1313,190.0253,1006.3131,25837.24,0.1767,714.6465,0.334,0.7923,6174.2424,0.0372,49.2424,1542.9293,20090.87,0.0082,8.2071,,,0.0884,273.9899,2074.4949,5074.0,0.0322,35.3535,3390.7828,0.9255,12948.2323,0.2992,2136.3636,0.7551,0.8049,0.3194,876.8939,0.0934,203.9141,3392.77,2799.0,114.75,748.33,223.95,,448.46,553.07,925.28,432.81,274.64,156.39,726.64,,99.23,124.17,572.47,3203.11,6863.5,972.28,553.07,25.58,49.62,39.1,0.0,0.8622,28
Washington,37187,3575,1939,1636,825,1364,320,1523,1,114,84.7,40,0,40,1,0,1,0,0,0.5424,0.2308,3441,1190,0.0389,0.1462,74.0,0.5121,,,,11609.62,11189.79,17681449.0,0.1333,193.6967,1108.9954,22980.02,0.1392,717.0059,0.3441,0.6507,3414.3139,0.0348,43.9921,1382.7971,31611.07,,,0.0,0.0,0.0473,147.0781,857.5181,4627.51,0.0269,28.2337,1994.0906,0.87,10116.218,0.2311,1417.5968,0.8293,0.7387,0.455,1559.4222,0.1169,321.7334,3063.0,2776.77,95.01,1100.06,,0.0,218.77,330.7,712.9,409.7,345.98,206.96,455.06,308.94,271.73,136.03,897.85,3109.25,6789.45,1100.06,330.7,29.33,62.1,34.1,0.0,0.743,19
Jones,37103,3004,1609,1395,594,1077,258,1325,1,80,66.6,18,0,18,3,0,3,0,0,0.5356,0.1977,2674,891,0.1234,0.2088,72.0,0.52,0.7585,0.2106,0.0121,12444.13,11948.23,16488467.0,0.1381,216.6038,1278.4906,28020.64,0.2045,581.1321,0.2883,0.5026,2460.3774,0.0317,43.7736,1086.7925,16333.07,0.0091,9.0566,0.0,0.0,0.0702,189.434,1253.5849,4211.77,0.034,35.4717,2621.8868,0.9336,15523.7736,0.2604,1662.6415,0.8868,0.7932,0.0355,107.1698,0.1358,286.7925,3870.02,2294.29,79.0,517.73,200.25,0.0,295.62,440.34,1097.22,468.46,461.84,282.05,605.55,,14.71,161.78,1413.06,4170.05,6873.55,717.98,440.34,16.71,61.84,59.8,0.0,0.8325,29
Gates,37073,2804,1209,1596,452,1056,265,1445,1,70,52.1,70,40,30,1,1,1,0,0,0.4312,0.1612,2556,899,0.097,0.1746,73.0,0.5121,,,,12187.5,12137.5,17610931.0,0.1522,230.4498,1204.1522,20375.35,0.1447,714.1869,0.3439,0.7225,4290.6574,0.0388,47.0588,1606.2284,21364.88,,,0.0,0.0,0.0803,198.6159,1573.7024,4557.39,0.0298,32.526,2357.0934,0.9218,14481.6609,0.2789,1743.9446,0.8747,0.7578,0.1682,631.1419,0.1536,761.2457,3102.13,2307.03,179.37,827.98,,0.0,365.85,397.86,1060.76,468.99,347.27,187.56,471.71,250.16,86.04,279.72,1595.44,4114.63,6587.4,827.98,397.86,66.29,49.34,15.1,0.5714,0.7443,-24
Graham,37075,2323,1286,1037,486,959,234,984,1,80,56.9,0,0,0,0,0,0,0,0,0.5536,0.2092,2266,826,0.0252,0.161,73.0,0.5427,,,,11135.51,10859.33,10957338.0,0.1392,196.1382,1047.7642,20786.84,0.125,544.7154,0.2713,0.6646,4911.5854,0.0427,52.8455,1870.935,25092.07,,,,,0.0589,148.374,1105.6911,4348.1,0.0264,26.4228,1471.5447,0.8303,9725.6098,0.2652,1640.2439,0.7388,0.6778,0.5061,1985.7724,0.1646,396.3415,2894.1,2063.72,95.81,1071.0,,,256.29,263.2,709.11,421.74,295.4,142.74,783.52,,296.44,451.98,788.32,3271.82,5927.35,1071.0,263.2,0.0,59.33,,,0.7112,41
Camden,37029,2305,784,1520,197,924,211,1390,0,0,0,24,0,24,1,0,1,0,0,0.3401,0.0855,1978,741,0.1653,0.247,73.0,0.5165,0.8496,0.1173,0.0079,11867.17,11576.81,16495366.0,0.1511,226.6187,1236.6906,23735.3,0.1438,687.0504,0.3353,0.7014,4304.3165,0.0388,51.7986,1388.4892,20302.31,,,,,0.0842,206.4748,1501.4388,4595.09,0.0252,25.8993,1600.7194,0.9417,15349.6403,0.2978,1834.5324,0.8712,0.7799,,,0.1381,364.0288,3585.91,1807.23,155.28,788.72,,,386.78,273.68,1135.87,517.62,347.25,200.1,775.9,,,190.96,1358.18,4204.08,6257.0,788.72,273.68,25.97,0.0,38.5,0.0,,16
Hyde,37095,1304,700,604,269,467,84,574,0,0,0,0,0,0,0,0,0,0,0,0.5368,0.2063,1188,354,0.0976,0.3192,73.0,0.5314,,,,13315.03,12462.91,7642826.0,0.1411,257.8397,1749.1289,41241.76,0.2619,757.8397,0.2491,0.5383,2506.9686,0.0366,54.007,1320.5575,17493.46,,,0.0,0.0,0.0488,106.2718,698.6063,3584.58,0.0296,31.3589,3172.4739,0.8902,11797.9094,0.2143,1520.9059,0.8763,0.7526,0.3937,1721.2544,0.1551,512.1951,5819.83,2192.46,110.07,640.0,,0.0,174.86,515.34,865.59,454.04,365.33,207.0,424.74,,227.64,343.01,594.81,2859.97,8919.41,640.0,515.34,0.0,0.0,,,,20
Tyrrell,37177,884,430,454,205,293,48,443,0,0,0,50,0,50,1,0,1,0,0,0.4864,0.2319,860,298,0.0279,-0.0168,73.0,0.5147,,,,12043.95,11719.11,5335470.0,0.1174,196.3883,1128.6682,31958.9,0.1948,724.605,0.3183,0.6637,4203.1603,0.0316,42.8894,1239.2777,18532.28,,,0.0,0.0,0.0429,83.5214,952.5959,3737.15,0.0339,33.86,2803.6117,0.8939,11160.2709,0.246,1390.5192,0.8713,0.763,0.5305,2665.9142,0.1332,365.6885,3751.38,2867.41,155.82,585.67,,0.0,160.28,481.94,789.86,446.16,424.98,175.86,427.16,,288.28,243.01,1036.2,3302.62,7463.78,585.67,481.94,170.65,0.0,5.9,0.0,,-37
